rank,file,t_sec,score,U,A,D,n_boxes,n_ambiguous,empty,selected
1,frame_0031.jpg,12.4,0.8336,0.6672,1.0,1.0,8,8,False,True
2,frame_0067.jpg,26.8,0.7571,0.6643,0.75,1.0,7,6,False,True
3,frame_0075.jpg,30.0,0.7483,0.7376,0.625,0.96,6,5,False,True
4,frame_0074.jpg,29.6,0.7407,0.7813,0.5,1.0,8,4,False,False
5,frame_0077.jpg,30.8,0.7183,0.7096,0.625,0.88,8,5,False,False
6,frame_0073.jpg,29.2,0.7142,0.8033,0.375,1.0,8,3,False,False
7,frame_0116.jpg,46.4,0.6912,0.7884,0.75,0.36,7,6,False,True
8,frame_0292.jpg,116.8,0.6848,0.7495,0.5,0.8,5,4,False,True
9,frame_0071.jpg,28.4,0.6806,0.8113,0.25,1.0,5,2,False,False
10,frame_0287.jpg,114.8,0.6738,0.6256,0.75,0.68,7,6,False,True
11,frame_0126.jpg,50.4,0.6724,0.7408,0.5,0.76,7,4,False,True
12,frame_0078.jpg,31.2,0.6595,0.533,0.75,0.84,9,6,False,False
13,frame_0016.jpg,6.4,0.6532,0.6815,0.375,1.0,6,3,False,True
14,frame_0387.jpg,154.8,0.6531,0.7011,0.875,0.2,9,7,False,True
15,frame_0008.jpg,3.2,0.6416,0.6582,0.375,1.0,4,3,False,True
16,frame_0127.jpg,50.8,0.6389,0.6578,0.5,0.8,7,4,False,False
17,frame_0070.jpg,28.0,0.633,0.641,0.375,1.0,7,3,False,False
18,frame_0076.jpg,30.4,0.6304,0.5177,0.625,0.92,7,5,False,False
19,frame_0168.jpg,67.2,0.6304,0.6618,0.625,0.56,8,5,False,True
20,frame_0291.jpg,116.4,0.6241,0.6123,0.5,0.84,7,4,False,False
21,frame_0328.jpg,131.2,0.623,0.6889,0.875,0.08,12,7,False,True
22,frame_0286.jpg,114.4,0.6222,0.6884,0.5,0.64,8,4,False,False
23,frame_0007.jpg,2.8,0.6204,0.6159,0.375,1.0,4,3,False,False
24,frame_0330.jpg,132.0,0.6176,0.6942,0.875,0.04,8,7,False,False
25,frame_0288.jpg,115.2,0.6147,0.7163,0.375,0.72,7,3,False,False
26,frame_0277.jpg,110.8,0.61,0.733,0.625,0.28,7,5,False,False
27,frame_0396.jpg,158.4,0.6079,0.7768,0.625,0.16,9,5,False,False
28,frame_0002.jpg,0.8,0.6072,0.5144,0.5,1.0,8,4,False,False
29,frame_0376.jpg,150.4,0.6059,0.7728,0.625,0.16,7,5,False,False
30,frame_0278.jpg,111.2,0.6048,0.6316,0.75,0.32,7,6,False,False
31,frame_0014.jpg,5.6,0.6022,0.5044,0.5,1.0,4,4,False,False
32,frame_0300.jpg,120.0,0.6018,0.7116,0.5,0.48,6,4,False,False
33,frame_0388.jpg,155.2,0.5995,0.685,0.75,0.16,8,6,False,False
34,frame_0231.jpg,92.4,0.5971,0.8302,0.5,0.16,7,4,False,False
35,frame_0167.jpg,66.8,0.5937,0.6474,0.5,0.6,6,4,False,False
36,frame_0299.jpg,119.6,0.5877,0.6673,0.5,0.52,7,4,False,False
37,frame_0133.jpg,53.2,0.5871,0.3991,0.625,1.0,7,5,False,False
38,frame_0316.jpg,126.4,0.582,0.8,0.5,0.16,7,4,False,False
39,frame_0072.jpg,28.8,0.5817,0.6135,0.25,1.0,7,2,False,False
40,frame_0397.jpg,158.8,0.5801,0.7801,0.5,0.2,7,4,False,False
41,frame_0280.jpg,112.0,0.5786,0.5473,0.75,0.4,6,6,False,False
42,frame_0333.jpg,133.2,0.5766,0.6712,0.75,0.08,9,6,False,False
43,frame_0378.jpg,151.2,0.5734,0.8147,0.5,0.08,8,4,False,False
44,frame_0032.jpg,12.8,0.5723,0.5196,0.375,1.0,7,3,False,False
45,frame_0114.jpg,45.6,0.5716,0.7313,0.5,0.28,6,4,False,False
46,frame_0329.jpg,131.6,0.5712,0.6604,0.75,0.08,11,6,False,False
47,frame_0175.jpg,70.0,0.5698,0.7275,0.5,0.28,9,4,False,False
48,frame_0006.jpg,2.4,0.5685,0.5121,0.375,1.0,5,3,False,False
49,frame_0293.jpg,117.2,0.5681,0.5322,0.5,0.76,7,4,False,False
50,frame_0004.jpg,1.6,0.567,0.509,0.375,1.0,6,3,False,False
51,frame_0033.jpg,13.2,0.5645,0.4291,0.5,1.0,8,4,False,False
52,frame_0196.jpg,78.4,0.5644,0.9098,0.125,0.36,1,1,False,False
53,frame_0290.jpg,116.0,0.5638,0.5826,0.375,0.8,7,3,False,False
54,frame_0177.jpg,70.8,0.5631,0.7462,0.5,0.2,6,4,False,False
55,frame_0367.jpg,146.8,0.5617,0.7165,0.625,0.08,8,5,False,False
56,frame_0368.jpg,147.2,0.5617,0.6574,0.75,0.04,8,6,False,False
57,frame_0001.jpg,0.4,0.5611,0.4971,0.375,1.0,11,3,False,False
58,frame_0080.jpg,32.0,0.5557,0.4325,0.625,0.76,6,5,False,False
59,frame_0321.jpg,128.4,0.555,0.5799,0.75,0.2,9,6,False,False
60,frame_0021.jpg,8.4,0.5535,0.4821,0.375,1.0,7,3,False,False
61,frame_0294.jpg,117.6,0.5517,0.5904,0.375,0.72,5,3,False,False
62,frame_0298.jpg,119.2,0.5501,0.7261,0.25,0.56,6,2,False,False
63,frame_0308.jpg,123.2,0.5486,0.5832,0.75,0.16,9,6,False,False
64,frame_0307.jpg,122.8,0.5482,0.6414,0.625,0.2,8,5,False,False
65,frame_0130.jpg,52.0,0.5455,0.498,0.375,0.92,4,3,False,False
66,frame_0089.jpg,35.6,0.5444,0.7039,0.375,0.4,6,3,False,False
67,frame_0128.jpg,51.2,0.5435,0.526,0.375,0.84,8,3,False,False
68,frame_0030.jpg,12.0,0.5403,0.3806,0.5,1.0,6,4,False,False
69,frame_0079.jpg,31.6,0.5398,0.5347,0.375,0.8,8,3,False,False
70,frame_0284.jpg,113.6,0.5389,0.5538,0.5,0.56,6,4,False,False
71,frame_0197.jpg,78.8,0.5388,0.8426,0.125,0.4,1,1,False,False
72,frame_0000.jpg,0.0,0.5325,0.44,0.375,1.0,6,3,False,False
73,frame_0301.jpg,120.4,0.5295,0.5081,0.625,0.44,8,5,False,False
74,frame_0178.jpg,71.2,0.529,0.619,0.625,0.16,7,5,False,False
75,frame_0117.jpg,46.8,0.5262,0.5174,0.625,0.4,7,5,False,False
76,frame_0024.jpg,9.6,0.5261,0.5021,0.25,1.0,3,2,False,False
77,frame_0389.jpg,155.6,0.5256,0.6283,0.625,0.12,10,5,False,False
78,frame_0095.jpg,38.0,0.5254,0.6118,0.625,0.16,7,5,False,False
79,frame_0297.jpg,118.8,0.5253,0.5106,0.5,0.6,4,4,False,False
80,frame_0374.jpg,149.6,0.5252,0.5954,0.625,0.2,8,5,False,False
81,frame_0015.jpg,6.0,0.519,0.488,0.25,1.0,5,2,False,False
82,frame_0026.jpg,10.4,0.5184,0.4867,0.25,1.0,3,2,False,False
83,frame_0276.jpg,110.4,0.5184,0.6408,0.5,0.24,6,4,False,False
84,frame_0013.jpg,5.2,0.5175,0.41,0.375,1.0,4,3,False,False
85,frame_0377.jpg,150.8,0.5145,0.6061,0.625,0.12,8,5,False,False
86,frame_0131.jpg,52.4,0.5144,0.4197,0.375,0.96,5,3,False,False
87,frame_0332.jpg,132.8,0.5122,0.6334,0.625,0.04,9,5,False,False
88,frame_0012.jpg,4.8,0.5121,0.3993,0.375,1.0,4,3,False,False
89,frame_0285.jpg,114.0,0.5121,0.5592,0.375,0.6,6,3,False,False
90,frame_0027.jpg,10.8,0.5101,0.4703,0.25,1.0,3,2,False,False
91,frame_0327.jpg,130.8,0.5083,0.7006,0.5,0.04,9,4,False,False
92,frame_0306.jpg,122.4,0.5066,0.6172,0.5,0.24,6,4,False,False
93,frame_0303.jpg,121.2,0.5064,0.5689,0.5,0.36,6,4,False,False
94,frame_0113.jpg,45.2,0.5054,0.5398,0.625,0.24,7,5,False,False
95,frame_0193.jpg,77.2,0.5051,0.6142,0.5,0.24,6,4,False,False
96,frame_0230.jpg,92.0,0.504,0.5849,0.625,0.12,10,5,False,False
97,frame_0029.jpg,11.6,0.5024,0.4548,0.25,1.0,6,2,False,False
98,frame_0194.jpg,77.6,0.5013,0.5906,0.5,0.28,6,4,False,False
99,frame_0202.jpg,80.8,0.499,0.6079,0.25,0.6,4,2,False,False
100,frame_0379.jpg,151.6,0.4976,0.5293,0.75,0.04,11,6,False,False
101,frame_0068.jpg,27.2,0.4966,0.4432,0.25,1.0,7,2,False,False
102,frame_0122.jpg,48.8,0.4913,0.5176,0.375,0.6,3,3,False,False
103,frame_0173.jpg,69.2,0.4908,0.6126,0.375,0.36,6,3,False,False
104,frame_0096.jpg,38.4,0.4904,0.5579,0.625,0.12,7,5,False,False
105,frame_0213.jpg,85.2,0.4875,0.5259,0.375,0.56,4,3,False,False
106,frame_0210.jpg,84.0,0.4861,0.5501,0.25,0.68,3,2,False,False
107,frame_0010.jpg,4.0,0.4852,0.4953,0.125,1.0,2,1,False,False
108,frame_0022.jpg,8.8,0.4848,0.3446,0.375,1.0,5,3,False,False
109,frame_0275.jpg,110.0,0.4839,0.5879,0.5,0.2,7,4,False,False
110,frame_0320.jpg,128.0,0.4806,0.4902,0.625,0.24,7,5,False,False
111,frame_0081.jpg,32.4,0.4798,0.4467,0.375,0.72,5,3,False,False
112,frame_0268.jpg,107.2,0.4798,0.4777,0.75,0.08,6,6,False,False
113,frame_0188.jpg,75.2,0.4792,0.5673,0.625,0.04,5,5,False,False
114,frame_0106.jpg,42.4,0.4778,0.7146,0.375,0.04,5,3,False,False
115,frame_0185.jpg,74.0,0.4778,0.6235,0.5,0.08,9,4,False,False
116,frame_0025.jpg,10.0,0.4762,0.5523,0.0,1.0,2,0,False,False
117,frame_0174.jpg,69.6,0.4748,0.5965,0.375,0.32,4,3,False,False
118,frame_0209.jpg,83.6,0.4744,0.5107,0.25,0.72,3,2,False,False
119,frame_0115.jpg,46.0,0.4734,0.5938,0.375,0.32,6,3,False,False
120,frame_0129.jpg,51.6,0.4732,0.5195,0.125,0.88,7,1,False,False
121,frame_0398.jpg,159.2,0.4726,0.5493,0.5,0.24,10,4,False,False
122,frame_0289.jpg,115.6,0.4721,0.5652,0.125,0.76,8,1,False,False
123,frame_0011.jpg,4.4,0.4711,0.3921,0.25,1.0,4,2,False,False
124,frame_0121.jpg,48.4,0.471,0.568,0.25,0.56,4,2,False,False
125,frame_0086.jpg,34.4,0.4699,0.4319,0.5,0.52,6,4,False,False
126,frame_0274.jpg,109.6,0.4677,0.7214,0.25,0.16,5,2,False,False
127,frame_0003.jpg,1.2,0.4657,0.4564,0.125,1.0,6,1,False,False
128,frame_0169.jpg,67.6,0.4653,0.4976,0.375,0.52,6,3,False,False
129,frame_0317.jpg,126.8,0.4638,0.5476,0.5,0.2,6,4,False,False
130,frame_0125.jpg,50.0,0.4637,0.4895,0.25,0.72,5,2,False,False
131,frame_0082.jpg,32.8,0.4624,0.4278,0.375,0.68,6,3,False,False
132,frame_0225.jpg,90.0,0.4592,0.5114,0.625,0.08,8,5,False,False
133,frame_0094.jpg,37.6,0.4545,0.529,0.5,0.2,7,4,False,False
134,frame_0017.jpg,6.8,0.4504,0.4257,0.125,1.0,4,1,False,False
135,frame_0203.jpg,81.2,0.4438,0.4066,0.375,0.64,5,3,False,False
136,frame_0192.jpg,76.8,0.4408,0.5766,0.375,0.2,6,3,False,False
137,frame_0186.jpg,74.4,0.4394,0.4878,0.625,0.04,9,5,False,False
138,frame_0005.jpg,2.0,0.4393,0.3285,0.25,1.0,4,2,False,False
139,frame_0315.jpg,126.0,0.4389,0.5298,0.5,0.12,8,4,False,False
140,frame_0069.jpg,27.6,0.4373,0.3246,0.25,1.0,5,2,False,False
141,frame_0313.jpg,125.2,0.4371,0.7833,0.125,0.04,2,1,False,False
142,frame_0214.jpg,85.6,0.436,0.5891,0.125,0.52,3,1,False,False
143,frame_0370.jpg,148.0,0.4352,0.5544,0.5,0.04,9,4,False,False
144,frame_0318.jpg,127.2,0.435,0.474,0.5,0.24,7,4,False,False
145,frame_0305.jpg,122.0,0.433,0.5291,0.375,0.28,6,3,False,False
146,frame_0172.jpg,68.8,0.4316,0.5532,0.25,0.4,6,2,False,False
147,frame_0207.jpg,82.8,0.4303,0.3905,0.25,0.8,4,2,False,False
148,frame_0304.jpg,121.6,0.4294,0.5058,0.375,0.32,7,3,False,False
149,frame_0279.jpg,111.6,0.4284,0.5628,0.25,0.36,5,2,False,False
150,frame_0124.jpg,49.6,0.4255,0.4291,0.25,0.68,5,2,False,False
151,frame_0023.jpg,9.2,0.4203,0.2906,0.25,1.0,5,2,False,False
152,frame_0090.jpg,36.0,0.4188,0.4686,0.375,0.36,5,3,False,False
153,frame_0198.jpg,79.2,0.4183,0.5855,0.125,0.44,2,1,False,False
154,frame_0390.jpg,156.0,0.4182,0.5794,0.375,0.08,8,3,False,False
155,frame_0183.jpg,73.2,0.4141,0.6622,0.25,0.04,4,2,False,False
156,frame_0273.jpg,109.2,0.4141,0.4802,0.5,0.12,5,4,False,False
157,frame_0302.jpg,120.8,0.4136,0.4422,0.375,0.4,6,3,False,False
158,frame_0171.jpg,68.4,0.4119,0.4228,0.375,0.44,5,3,False,False
159,frame_0120.jpg,48.0,0.4106,0.3882,0.375,0.52,5,3,False,False
160,frame_0170.jpg,68.0,0.4105,0.404,0.375,0.48,8,3,False,False
161,frame_0229.jpg,91.6,0.4072,0.4823,0.5,0.08,8,4,False,False
162,frame_0314.jpg,125.6,0.4061,0.4802,0.5,0.08,6,4,False,False
163,frame_0215.jpg,86.0,0.4056,0.3943,0.375,0.48,6,3,False,False
164,frame_0232.jpg,92.8,0.4035,0.4271,0.5,0.2,6,4,False,False
165,frame_0123.jpg,49.2,0.4031,0.4001,0.25,0.64,5,2,False,False
166,frame_0322.jpg,128.8,0.4027,0.4413,0.5,0.16,7,4,False,False
167,frame_0399.jpg,159.6,0.4022,0.5424,0.25,0.28,7,2,False,False
168,frame_0118.jpg,47.2,0.3996,0.3982,0.375,0.44,6,3,False,False
169,frame_0132.jpg,52.8,0.3978,0.3206,0.125,1.0,5,1,False,False
170,frame_0224.jpg,89.6,0.3975,0.5969,0.25,0.12,5,2,False,False
171,frame_0211.jpg,84.4,0.3965,0.387,0.25,0.64,4,2,False,False
172,frame_0375.jpg,150.0,0.3956,0.4862,0.375,0.2,9,3,False,False
173,frame_0233.jpg,93.2,0.3952,0.4694,0.375,0.24,9,3,False,False
174,frame_0325.jpg,130.0,0.3921,0.4682,0.5,0.04,6,4,False,False
175,frame_0200.jpg,80.0,0.3912,0.4245,0.25,0.52,3,2,False,False
176,frame_0216.jpg,86.4,0.383,0.365,0.375,0.44,4,3,False,False
177,frame_0100.jpg,40.0,0.3821,0.5232,0.375,0.04,6,3,False,False
178,frame_0223.jpg,89.2,0.3817,0.5494,0.25,0.16,7,2,False,False
179,frame_0098.jpg,39.2,0.3805,0.4449,0.5,0.04,5,4,False,False
180,frame_0088.jpg,35.2,0.3795,0.358,0.375,0.44,5,3,False,False
181,frame_0112.jpg,44.8,0.3752,0.5955,0.125,0.2,4,1,False,False
182,frame_0028.jpg,11.2,0.3681,0.2613,0.125,1.0,3,1,False,False
183,frame_0189.jpg,75.6,0.3661,0.4753,0.375,0.08,5,3,False,False
184,frame_0281.jpg,112.4,0.3654,0.4048,0.25,0.44,4,2,False,False
185,frame_0009.jpg,3.6,0.365,0.2551,0.125,1.0,4,1,False,False
186,frame_0395.jpg,158.0,0.3635,0.454,0.375,0.12,8,3,False,False
187,frame_0371.jpg,148.4,0.36,0.3881,0.5,0.08,6,4,False,False
188,frame_0204.jpg,81.6,0.3589,0.2958,0.25,0.68,4,2,False,False
189,frame_0309.jpg,123.6,0.3567,0.3654,0.5,0.12,7,4,False,False
190,frame_0391.jpg,156.4,0.3547,0.4684,0.375,0.04,8,3,False,False
191,frame_0269.jpg,107.6,0.3534,0.4658,0.375,0.04,6,3,False,False
192,frame_0384.jpg,153.6,0.3529,0.4918,0.25,0.16,6,2,False,False
193,frame_0382.jpg,152.8,0.3517,0.4463,0.375,0.08,7,3,False,False
194,frame_0019.jpg,7.6,0.3507,0.2263,0.125,1.0,4,1,False,False
195,frame_0283.jpg,113.2,0.3499,0.4168,0.125,0.52,6,1,False,False
196,frame_0220.jpg,88.0,0.3483,0.4347,0.25,0.28,4,2,False,False
197,frame_0087.jpg,34.8,0.3474,0.3527,0.25,0.48,5,2,False,False
198,frame_0083.jpg,33.2,0.3463,0.2867,0.25,0.64,7,2,False,False
199,frame_0323.jpg,129.2,0.3458,0.4186,0.375,0.12,7,3,False,False
200,frame_0381.jpg,152.4,0.3456,0.4502,0.375,0.04,9,3,False,False
201,frame_0386.jpg,154.4,0.344,0.367,0.375,0.24,7,3,False,False
202,frame_0324.jpg,129.6,0.3435,0.4299,0.375,0.08,6,3,False,False
203,frame_0091.jpg,36.4,0.3408,0.4037,0.25,0.32,4,2,False,False
204,frame_0385.jpg,154.0,0.3395,0.4489,0.25,0.2,4,2,False,False
205,frame_0222.jpg,88.8,0.3371,0.4443,0.25,0.2,4,2,False,False
206,frame_0212.jpg,84.8,0.3366,0.2832,0.25,0.6,5,2,False,False
207,frame_0205.jpg,82.0,0.3332,0.3035,0.125,0.72,3,1,False,False
208,frame_0092.jpg,36.8,0.3323,0.3277,0.375,0.28,5,3,False,False
209,frame_0282.jpg,112.8,0.3321,0.3972,0.125,0.48,4,1,False,False
210,frame_0179.jpg,71.6,0.3318,0.3907,0.375,0.12,9,3,False,False
211,frame_0020.jpg,8.0,0.3316,0.1881,0.125,1.0,3,1,False,False
212,frame_0105.jpg,42.0,0.3273,0.3976,0.375,0.08,5,3,False,False
213,frame_0119.jpg,47.6,0.3235,0.305,0.25,0.48,5,2,False,False
214,frame_0217.jpg,86.8,0.3234,0.3367,0.25,0.4,4,2,False,False
215,frame_0176.jpg,70.4,0.3216,0.3973,0.25,0.24,8,2,False,False
216,frame_0267.jpg,106.8,0.3211,0.4442,0.25,0.12,6,2,False,False
217,frame_0295.jpg,118.0,0.3192,0.3663,0.0,0.68,5,0,False,False
218,frame_0394.jpg,157.6,0.3173,0.4526,0.25,0.08,4,2,False,False
219,frame_0097.jpg,38.8,0.3154,0.3738,0.375,0.08,7,3,False,False
220,frame_0228.jpg,91.2,0.3131,0.3853,0.375,0.04,8,3,False,False
221,frame_0018.jpg,7.2,0.311,0.2221,0.0,1.0,3,0,False,False
222,frame_0104.jpg,41.6,0.3104,0.3477,0.375,0.12,6,3,False,False
223,frame_0199.jpg,79.6,0.309,0.351,0.125,0.48,3,1,False,False
224,frame_0226.jpg,90.4,0.3072,0.4484,0.25,0.04,5,2,False,False
225,frame_0093.jpg,37.2,0.307,0.368,0.25,0.24,5,2,False,False
226,frame_0373.jpg,149.2,0.3053,0.3966,0.25,0.16,5,2,False,False
227,frame_0101.jpg,40.4,0.3042,0.3513,0.375,0.08,7,3,False,False
228,frame_0296.jpg,118.4,0.3039,0.3519,0.0,0.64,4,0,False,False
229,frame_0219.jpg,87.6,0.3022,0.3264,0.25,0.32,3,2,False,False
230,frame_0084.jpg,33.6,0.2993,0.2836,0.125,0.6,7,1,False,False
231,frame_0206.jpg,82.4,0.2958,0.2125,0.125,0.76,4,1,False,False
232,frame_0393.jpg,157.2,0.2908,0.3407,0.375,0.04,6,3,False,False
233,frame_0181.jpg,72.4,0.2889,0.4119,0.25,0.04,4,2,False,False
234,frame_0271.jpg,108.4,0.287,0.408,0.25,0.04,5,2,False,False
235,frame_0201.jpg,80.4,0.286,0.273,0.125,0.56,3,1,False,False
236,frame_0085.jpg,34.0,0.2851,0.2712,0.125,0.56,6,1,False,False
237,frame_0195.jpg,78.0,0.2841,0.2902,0.25,0.32,4,2,False,False
238,frame_0319.jpg,127.6,0.2825,0.3779,0.125,0.28,5,1,False,False
239,frame_0221.jpg,88.4,0.2774,0.3089,0.25,0.24,5,2,False,False
240,frame_0109.jpg,43.6,0.2756,0.3692,0.25,0.08,6,2,False,False
241,frame_0218.jpg,87.2,0.2674,0.3158,0.125,0.36,5,1,False,False
242,frame_0184.jpg,73.6,0.2637,0.4205,0.125,0.08,7,1,False,False
243,frame_0383.jpg,153.2,0.2628,0.4026,0.125,0.12,6,1,False,False
244,frame_0108.jpg,43.2,0.2529,0.3397,0.25,0.04,7,2,False,False
245,frame_0208.jpg,83.2,0.2484,0.1928,0.0,0.76,5,0,False,False
246,frame_0103.jpg,41.2,0.238,0.2619,0.25,0.16,7,2,False,False
247,frame_0111.jpg,44.4,0.2364,0.4088,0.0,0.16,4,0,False,False
248,frame_0310.jpg,124.0,0.2237,0.3403,0.125,0.08,6,1,False,False
249,frame_0311.jpg,124.4,0.2155,0.265,0.25,0.04,5,2,False,False
250,frame_0372.jpg,148.8,0.2144,0.3058,0.125,0.12,6,1,False,False
251,frame_0110.jpg,44.0,0.2135,0.3041,0.125,0.12,6,1,False,False
252,frame_0180.jpg,72.0,0.189,0.2709,0.125,0.08,5,1,False,False
253,frame_0190.jpg,76.0,0.1822,0.2414,0.125,0.12,6,1,False,False
254,frame_0102.jpg,40.8,0.1791,0.3102,0.0,0.12,5,0,False,False
255,frame_0272.jpg,108.8,0.178,0.3241,0.0,0.08,4,0,False,False
256,frame_0191.jpg,76.4,0.1686,0.1982,0.125,0.16,6,1,False,False
